✨Light Armored Car M8	✨Light Tank M3A3 Stuart	✨Light Tank M5A1 Stuart	✨Medium Tank M4A4 Sherman	✨Medium Tank M4A1 (75) W Sherman	✨PT-76	Type 63-I	Type 62	ZBD86	✨90 mm Gun Tank M48A1 Patton III	M60A3 TTS	CM11
cn_m8_greyhound	cn_m3a3_stuart	cn_m5a1_stuart	cn_m4a4_sherman	cn_m4a1_76w_sherman	cn_pt_76	cn_type_63_I	cn_type_62	cn_type_86	cn_m48a1_patton_III	cn_m60a3_tts	cn_cm11
✨T-26 mod. 1939	✨Type 97 Chi-Ha	✨Type 97 Chi-Ha Kai	✨Light Tank M24 Chaffee	✨T-34 (1943)	✨T-34-85 (S-53)	T-34-85 Gai	✨IS-2	✨IS-2 mod.1944	Type 59	Type 69	ZTZ59D1
cn_t_26_1940	cn_type_97_chi_ha	cn_type_97_kai	cn_m24_chaffee	cn_t_34_1942	cn_t_34_85_zis_53_no215	cn_type_58	cn_is_2_1943	cn_is_2_1944	cn_type_59	cn_type_69	cn_type_59d
✨75 mm Howitzer Motor Carriage M8	✨LVT(A)(4) (ZiS-2)	✨SU-76M	✨3-inch Gun Motor Carriage M10	✨M18 Gun Motor Carriage	Type 65	✨ISU-152	✨ISU-122	✨90-mm Gun Motor Carriage M36	✨SU-100	✨M113A1 TOW
cn_m8_scott	cn_lvt_4_zis_2	cn_su_76m_1943	cn_m10	cn_m18_hellcat	cn_type_65_aa	cn_isu_152	cn_isu_122	cn_m36	cn_su_100_1945	cn_m113a1_tow
T-26 No.531	M4A4 (1st PTG)	T-62 Nº545
cn_t_26_no531	cn_m4a4_sherman_1st_ptg	cn_t_62
	
cn_is_2_1943_no402	cn_t_34_85_d_5t
