le.Pz.Sp.Wg. (s.Pz.B.41) Sd.Kfz.221	4,7 cm Pak(t) auf Pz.I Ausf.B	Sturmpanzer II	s.Pz.Sp.Wg. (5 cm 39/1 L60)	Marder III	PaK40/3 auf Sfl.38 Ausf. H	8.8cm Flak 37 Selbstfahrlafette auf 18 ton Zugkraftwagen	10.5 cm K18 Pz.Sfl.IVa "Dicker Max"	8,8 Pak 43/1 Sf."Nashorn"	Pz.Sfl. fuer 12,8 cm K40 "Sturer Emil"	Waffenträger Krupp-Steyr mit Pak 43	Hanomag-Henschel JPz 4-5	Raketenjagdpanzer 2	Raketenjagdpanzer 2 HOT
germ_sdkfz_221_s_pz_b_41	germ_panzerjager_1	germ_sturmpanzer_II	germ_sdkfz_234_2	germ_pzkpfw_38t_marder_iii	germ_pzkpfw_38t_marder_iii_ausf_h	germ_sdkfz_9_flak37	germ_pzsfl_IVa_dickermax	germ_panzerjager_nashorn	germ_pzsflk40_sturer_emil	germ_waffentrager_krupp_steyr	germ_kanonenjagdpanzer	germ_raketenjagdpanzer_2	germ_raketenjagdpanzer_2_hot
Pz.Kpfw. III Ausf. B	Pz.Kpfw. III Ausf. E	Pz.Kpfw. III Ausf. F	Pz.Kpfw. III Ausf. J	Pz.Kpfw. III Ausf. J1	Pz.Kpfw. III Ausf. L	Pz.Kpfw. III Ausf. M	Pz.Kpfw. VI Tiger Ausf. H1	Pz.Kpfw. VI Tiger Ausf. E	Pz.Kpfw. VI Ausf. B (P)	Pz.Kpfw. VI Ausf. B (H)	Pz.Kpfw. VI Ausf. B mit 10.5cm KwK L/68	Pz.Kpfw. Maus	KPz-70
germ_pzkpfw_iii_ausf_b	germ_pzkpfw_iii_ausf_e	germ_pzkpfw_iii_ausf_f	germ_pzkpfw_iii_ausf_j_l42	germ_pzkpfw_iii_ausf_j	germ_pzkpfw_iii_ausf_l	germ_pzkpfw_iii_ausf_m	germ_pzkpfw_vi_ausf_h1_tiger	germ_pzkpfw_vi_ausf_e_tiger	germ_pzkpfw_vi_ausf_b_tiger_iip	germ_pzkpfw_vi_ausf_b_tiger_iih	germ_pzkpfw_vi_ausf_b_tiger_iih_kwk46	germ_pzkpfw_maus	germ_kpz_70
Pz.Kpfw. II Ausf. C	Pz.Kpfw. II Ausf. F	Pz.Kpfw. IV Ausf. C	Pz.Kpfw. IV Ausf. E	Pz.Kpfw. IV Ausf. F1	Pz.Kpfw. IV Ausf. F2	Pz.Kpfw. IV Ausf. G	Pz.Kpfw. IV Ausf. H	Pz.Kpfw. IV Ausf. J	Pz.Kpfw. V Ausf. D	Pz.Kpfw. V Ausf. A	Pz.Kpfw. V Ausf. G	Pz.Kpfw. V Ausf. F	Pz.Kpfw. Panther II	Leopard I	M48A2 G A2	Leopard A1A1	Leopard 2K	Leopard 2A4	Leopard 2A5
germ_pzkpfw_ii_ausf_c	germ_pzkpfw_ii_ausf_f	germ_pzkpfw_iv_ausf_c	germ_pzkpfw_iv_ausf_e	germ_pzkpfw_iv_ausf_f	germ_pzkpfw_iv_ausf_f2	germ_pzkpfw_iv_ausf_g	germ_pzkpfw_iv_ausf_h	germ_pzkpfw_iv_ausf_j	germ_pzkpfw_v_ausf_d_panther	germ_pzkpfw_v_ausf_a_panther	germ_pzkpfw_v_ausf_g_panther	germ_pzkpfw_v_ausf_f_panther	germ_panther_ii	germ_leopard_i	germ_mkpz_m48a2ga2	germ_leopard_I_a1	germ_leopard_2k	germ_leopard_2a4	germ_leopard_2a5
Flakpanzer I Ausf. A	Pz.Kpfw.38 fur 2 cm Flak 38	3.7-cm Flak 36 auf Selbstfahrlafette Sd.Kfz. 6/2	Flakpanzer IV Wirbelwind	Flakpanzer IV Ostwind	3,7 cm Flakzwilling auf Panther Fahrgestell, Flakpanzer 341	Flakpanzer IV Kugelblitz	Flakpanzer I Gepard
germ_flakpanzer_i_ausf_a	germ_flakpanzer_38t_gepard	germ_sdkfz_6_2_flak36	germ_flakpanzer_iv_wirbelwind	germ_flakpanzer_iv_ostwind	germ_flakpanzer_v_coelian	germ_flakpanzer_iv_kugelblitz	germ_flakpz_I_Gepard
Pz.Kpfw. 35(t)	Pz.Kpfw. 38(t) Ausf. A	Pz.Kpfw. 38(t) Ausf. F	Sturmgeschütz III Ausf. A	Sturmhaubitze 42 Ausf. G	Sturmgeschütz III Ausf. F	Sturmgeschütz III Ausf. G	Jagdpanzer 38(t) Hetzer	Jagdpanzer IV	Panzer IV/70(V)	Jagdpanzer V Jagdpanther	Panzerjäger Tiger (P) Ferdinand	Jagdpanzer VI Jagdtiger	Begleitpanzer 57	Tanque Argentino Mediano
germ_pzkpfw_35t	germ_pzkpfw_38t_ausf_a	germ_pzkpfw_38t_ausf_f	germ_stug_iii_ausf_a	germ_stuh_iii_ausf_g	germ_stug_iii_ausf_f	germ_stug_iii_ausf_g	germ_jgdpz_38t	germ_jgdpz_iv_l48	germ_pz_iv_l70	germ_panzerjager_panther	germ_panzerjager_tiger_p_ferdinand	germ_panzerjager_tiger	germ_begleitpanzer_57	germ_thyssen_henschel_tam
Pz.Kpfw. II DAK	Sd.Kfz.234/3	s.Pz.Sp.Wg. (7,5 cm) Sd.Kfz.234/4	Pz.Kpfw. III Ausf. N	T-34-747(r)	Panzerbefehlswagen IV	✙KV-II 754r	Panzer IV/70(A)	Ersatz M10	🐾Tiger	Befehlswagen Jagdpanther	Panzerbefehlswagen VI (P)	mKPz M47	E-100
germ_pzkpfw_ii_ausf_c_dak	germ_sdkfz_234_3	germ_sdkfz_234_4	germ_pzkpfw_iii_ausf_n	germ_t_34_747	germ_panzerbefelhswagen_iv_ausf_j	germ_kv_2_754r	germ_pz_iv_l70_a	germ_pzkpfw_V_ersatz_m10	germ_pzkpfw_VI_ausf_h1_tiger_animal_version	germ_panzerbefelhswagen_jagdpanther	germ_panzerbefelhswagen_vi_p	germ_mkpz_m47	germ_pzkpfw_e_100
Aufklärungspanzer 38(t)	Neubaufahrzeug	Pz.Kpfw. II Ausf. H	✙Pz.Kpfw. M4 748 (a)	Panzerwerfer 42	✙KV-IB	Infanterie Kampfpanzer Churchill	15cm Sturm-Panzer 43(L/12) IV "Brummbär"	✙Pz.Kpfw. KV-1B 756(r)	VK 45.01 (P)	Pz.Kpfw. VI Ausf. B (H) mit Simmering Sla.16	Spähpanzer Ru 251	Leopard A1A1 (L/44)
germ_pzkpfw_38t_aufklarungspanzer	germ_nbfz_vi	germ_pzkpfw_ii_ausf_h	us_m4a2_1944_germ	germ_panzerwerfer_42	germ_kv_1b_finland	germ_infanterie_kampfpanzer_churchill	germ_sturmpanzer_iv_brummbar	germ_kv_1_kwk_40	germ_pzkpfw_VI_tiger_P	germ_pzkpfw_VI_ausf_b_tiger_IIh_sla	germ_ru251	germ_leopard_a1a1_120
SPS-255			PzKmpfLfr 565(r)	PzKmpfLfr 565(r)	Pz.35(t) RM
germ_m4_sherman_tutorial	germ_panther_ii_tutorial	germ_panzerjager_tiger_p_elefant	germ_panzerkampflaufer_565_r	germ_panzerkampflaufer_565_r_2	germ_pzkpfw_35t_romania_mare
