Fiat-Ansaldo Autoblinda 41	Carro Armato modello L6	Fiat-Ansaldo Autoblinda 43	Semovente 90/53 M41M	Semovente Ruotato da 90/52 Breda 501	FIAT 6614 (M40A1)	OTO R3 T106 FA	FIAT AUBL/74	Blindo Armata B1 Centauro	Blindo Armata B1 Centauro ROMOR
it_ab_41	it_l6	it_ab_43	it_semovente_m41m_90	it_semovente_breda_501	it_fiat_6614_106sr	it_oto_r3_106sr	it_fiat_6616_cockerill	it_b1_centauro	it_b1_centauro_romor
Fiat-Ansaldo M13/40 I Serie	Fiat-Ansaldo M13/40 III Serie	Fiat-Ansaldo M14/41	Fiat-Ansaldo M15/42	Fiat-Ansaldo P40	M4 Tipo IC Composito	Carro Armato M26A1	M47 (105/55) OTO	Carro Armato OTO Melara OF-40	Carro Armato OTO Melara OF-40 Mk.2A	C1 Ariete (Preserie)
it_m13_40_serie_1	it_m13_40_serie_3	it_m14_41	it_m15_42	it_p_40	it_sherman_VII	it_m26a1_pershing	it_m47_105	it_of_40_mk_1	it_of_40_mk_2a	it_c1_ariete_preserie
Camionetta AS 42 Tipo II "Metropolitana"	Semovente M42 Contraereo	OTO R3 T20 FA-HS	Sistema Italiano Difesa Aerea Mobile, 25mm	OTO Main Anti-aircraft Tank for Intercept and Combat
it_as_42_metropolitana	it_m15_42_contraereo	it_oto_r3_t20_fa	it_otobreda_sidam_25	it_otomatic
Carro Armato L3 Contra Carro	Fiat-Ansaldo M11/39	Fiat-Ansaldo Semovente L40 da 47/32	Semovente 75/18 M41	Semovente 75/32 M41	Semovente 75/34 M42	Semovente 105/25 M43	Semovente 75/34 M43	Semovente 75/46 M43	Semovente da 90/50 M36B1	OTO Melara VTC M113A1 TOW
it_l3_cc	it_m11_39	it_semovente_l40	it_semovente_m41_75_18	it_semovente_m41_75_32	it_semovente_m42_75_34	it_semovente_m43_105	it_semovente_m43_75_34	it_semovente_m43_75_46	it_m36b1	it_m113a1_tow
M13/40 (II)	Fiat-Ansaldo P40 Gruppo Corazzato 'Leoncello'	Semovente 105/25 M43 G.C. 'Leoncello'	M26 Pershing 132ª Divisione corazzata 'Ariete'	M60A1 132ª Divisione corazzata 'Ariete'
it_m13_40_serie_2	it_p_26_40	it_semovente_m43_105_leoncello	it_m26_ariete	it_m60a1_ariete
