Light Tank M2A4	Light Tank M3 Stuart	Light Tank M3A1 Stuart	Light Tank M5A1 Stuart	Light Tank M24 Chaffee	Light Tank M41A1 Walker Bulldog	90-mm, Full Tracked Self-Propelled Gun M56 Scorpion	76mm Gun Tank T92	106 mm Multiple Self-propelled Rifle M50	152-mm Gun / Launcher M551 Sheridan	Fighting Vehicle, Cavalry, M3
us_m2a4	us_m3_stuart	us_m3a1_stuart	us_m5a1_stuart	us_m24_chaffee	us_m41_walker_bulldog	us_m56_scorpion	us_t92	us_m50_ontos	us_m551	us_m3_bradley
Medium Tank M2	Medium Tank M3 Lee	Medium Tank M4A1 Sherman	Medium Tank M4 Sherman	Medium Tank M4A2 Sherman	Medium Tank M4A1 (76) W Sherman	Medium Tank M4A2 (76) W Sherman	Medium Tank M4A3 (76) W HVSS Sherman	Medium Tank T25	Medium Tank M26 Pershing	Medium Tank M46 Patton	90 mm Gun Tank M47 Patton II	90 mm Gun Tank M48A1 Patton III	105 mm Gun Tank M60	105 mm Gun Tank M60A1	Tank, Combat, Full-Tracked 105-mm Gun M60A1 RISE (Passive)
us_m2_medium	us_m3_lee	us_m4a1_1942_sherman	us_m4_sherman	us_m4a2_sherman	us_m4a1_76w_sherman	us_m4a2_76w_sherman	us_m4a3e8_76w_sherman	us_t25	us_m26_pershing	us_m46_patton	us_m47_patton_ii	us_m48a1_patton_iii	us_m60	us_m60a1	us_m60a1_rise_passive_era
LVT(A)(1)	Light Tank M22 Locust	M8 Scott	Medium Tank M4A3 (105) HVSS Sherman	Heavy Tank M6A1	Assault Tank M4A3E2 Jumbo	Assault Tank M4A3E2 (76) W Jumbo	Heavy Tank T26E1-1 "Super Pershing"	Heavy Tank T34	Heavy Tank T32	Heavy Tank T32E1	120 mm Gun Tank M103	Medium Tank T95E1	Tank, Combat, Full-Tracked, 152-mm Gun/Launcher XM-803	152-mm Gun-Launcher Main Battle Tank 70	Tank, Combat, Full Tracked, 105-mm Gun M1	Tank, Combat, Full Tracked, 105-mm Gun IPM1	Tank, Combat, Full Tracked, 120-mm Gun M1A1
us_lvt_a_1	us_m22_locust	us_m8_scott	us_m4a3_105_sherman	us_m6a1	us_m4a3e2_sherman_jumbo	us_m4a3e2_76w_sherman_jumbo	us_t26e4_superpershing	us_t34	us_t32	us_t32e1	us_m103	us_t95e1	us_xm_803	us_mbt_70	us_m1_abrams	us_m1_ip_abrams	us_m1a1_abrams
Multiple Gun Motor Carriage M13	Multiple Gun Motor Carriage M16	Combination Gun Motor Carriage M15	Twin Gun Motor Carriage M19	Twin 40mm Self-Propelled Guns M42 Duster	Gun Air Defence Artillery Self-Propelled 20-mm M163	Gun, Air Defense Artillery, Self-Propelled, 40-mm, M247	ADATS
us_halftrack_m13	us_halftrack_m16	us_halftrack_m15	us_m19	us_m42_duster	us_m163_vulcan	us_m247	us_adats_bradley
Light Tank M2A2	75mm Gun Motor Carriage M3	3-inch Gun Motor Carriage M10	M18 Gun Motor Carriage	90-mm Gun Motor Carriage M36	105mm Gun Motor Carriage T95	152 mm Gun Tank M60A2
us_m2a2	us_halftrack_m3_75mm_gmc	us_m10	us_m18_hellcat	us_m36	us_t95	us_m60a2
Light Armored Car M8	75 mm Gun Motor Carriage M8	Cruiser Tank Grant I	LVT(A)(4) Zis-2	M4A5 Ram II	Light Tank M24 Chaffee	M18 Gun Motor Carriage “Black Cat”	Rocket Launcher T34 Calliope	Medium Tank M26 T99	M18 90-mm Gun Motor Carriage	Heavy Tank T29	Heavy Tank T30	T114	T54E1	Tank, Combat, Full-Tracked, 105-mm Gun XM-1 (GM)	Tank, Combat, Full-Tracked, 105-mm Gun XM-1 (Chrysler)
us_m8_greyhound	us_m8a1	us_mk1_grant	us_lvt_4_zis_2	us_m4a5_ram_2	us_m24_chaffee_tl	us_m18_hellcat_black_cat	us_m4_sherman_calliope	us_m26_t99	us_m18_super_hellcat	us_t29	us_t30	us_t114	us_t54e1	us_xm1_gm	us_xm1_chrysler
Light Tank M2A4 (1st Arm.Div.)	Light Tank M3A1 Stuart (USMC)	M5A1 Stuart (5th Canadian Armored Division)	T18E2 "Boarhound"	Assault Tank T14	T20	Assault Tank M4A3E2 Jumbo “Cobra King”	Super Heavy Tank T28	Medium Tank M26E1	Medium Tank M46 Patton (73 Tank Batalion)	✡Magach 3	Merkava Mk.1
us_m2a4_1st_armor_div	us_m3a1_stuart_usmc	us_m5a1_stuart_canadian_5st_arm	us_t18_e2	us_t14	us_t20	us_m4a3e2_sherman_jumbo_cobra_king	us_t28	us_m26e1_pershing	us_m46_patton_73_armor_bat	us_magach_3	us_merkava_mk_1
“The Hellcat”	M22	M35	M35		SPS-255	M4A2 (1944)	✙M4 748 (a)			T32
us_m18_hellcat_black_cat_race	us_m22_locust_race	us_m35	us_m35_2	us_m4_sherman_fake	us_m4_sherman_tutorial	us_m4a2_1944	us_m4a2_1944_germ	us_m551_football	us_m901_itv	us_t32_tutorial
